"country_code","year","week","covid_deaths_week","covid_school_closing","covid_workplace_closing","covid_stay_home_restrictions","covid_stringency_index","date"
"AR",2020,1,0,0,0,0,0,2020-01-06
"AR",2020,2,0,0,0,0,0,2020-01-13
"AR",2020,3,0,0,0,0,0,2020-01-20
"AR",2020,4,0,0,0,0,6.34857142857143,2020-01-27
"AR",2020,5,0,0,0,0,11.11,2020-02-03
"AR",2020,6,0,0,0,0,11.11,2020-02-10
"AR",2020,7,0,0,0,0,11.11,2020-02-17
"AR",2020,8,0,0,0,0,11.11,2020-02-24
"AR",2020,9,0,0,0,0,11.11,2020-03-02
"AR",2020,10,1,0,0,0,11.11,2020-03-09
"AR",2020,11,1,0,0,0,21.0314285714286,2020-03-16
"AR",2020,12,2,3,3,3,66.6685714285714,2020-03-23
"AR",2020,13,19,3,3,3,100,2020-03-30
"AR",2020,14,25,3,3,3,100,2020-04-06
"AR",2020,15,49,3,3,3,100,2020-04-13
"AR",2020,16,39,3,3,3,100,2020-04-20
"AR",2020,17,61,3,3,3,99.7357142857143,2020-04-27
"AR",2020,18,63,3,3,2,88.89,2020-05-04
"AR",2020,19,54,3,3,2,88.89,2020-05-11
"AR",2020,20,68,3,2,2,91.2685714285714,2020-05-18
"AR",2020,21,85,3,2,2,90.74,2020-05-25
"AR",2020,22,89,3,2,2,90.74,2020-06-01
"AR",2020,23,137,3,2,2,89.9471428571429,2020-06-08
"AR",2020,24,161,3,2,2,88.89,2020-06-15
"AR",2020,25,189,3,2,2,88.89,2020-06-22
"AR",2020,26,237,3,2,2,88.89,2020-06-29
"AR",2020,27,302,3,3,2,89.9457142857143,2020-07-06
"AR",2020,28,321,3,3,2,92.59,2020-07-13
"AR",2020,29,470,3,3,2,92.59,2020-07-20
"AR",2020,30,686,3,2,2,90.74,2020-07-27
"AR",2020,31,754,3,2,2,90.74,2020-08-03
"AT",2020,1,0,0,0,0,0,2020-01-06
"AT",2020,2,0,0,0,0,0,2020-01-13
"AT",2020,3,0,0,0,0,0,2020-01-20
"AT",2020,4,0,0,0,0,0,2020-01-27
"AT",2020,5,0,0,0,0,0,2020-02-03
"AT",2020,6,0,0,0,0,0,2020-02-10
"AT",2020,7,0,0,0,0,0,2020-02-17
"AT",2020,8,0,0,0,0,0,2020-02-24
"AT",2020,9,0,0,0,0,11.11,2020-03-02
"AT",2020,10,0,0,0,0,11.11,2020-03-09
"AT",2020,11,5,0,1,0,35.45,2020-03-16
"AT",2020,12,38,3,3,2,85.19,2020-03-23
"AT",2020,13,105,3,3,2,85.19,2020-03-30
"AT",2020,14,136,3,3,2,85.19,2020-04-06
"AT",2020,15,136,3,3,2,85.19,2020-04-13
"AT",2020,16,99,3,2,2,82.01,2020-04-20
"AT",2020,17,65,3,2,2,79.8914285714286,2020-04-27
"AT",2020,18,37,3,2,2,74.7342857142857,2020-05-04
"AT",2020,19,21,2,2,0,64.81,2020-05-11
"AT",2020,20,9,2,2,0,59.26,2020-05-18
"AT",2020,21,10,1,2,0,55.56,2020-05-25
"AT",2020,22,4,1,2,0,53.1771428571429,2020-06-01
"AT",2020,23,5,0,2,0,45.7685714285714,2020-06-08
"AT",2020,24,13,0,2,0,43.52,2020-06-15
"AT",2020,25,8,0,2,0,43.52,2020-06-22
"AT",2020,26,9,0,2,0,43.52,2020-06-29
"AT",2020,27,1,0,2,0,43.52,2020-07-06
"AT",2020,28,4,0,2,0,38.36,2020-07-13
"AT",2020,29,2,0,1,0,31.48,2020-07-20
"AT",2020,30,5,0,1,0,31.48,2020-07-27
"AT",2020,31,2,0,1,0,31.48,2020-08-03
"AU",2020,1,0,0,0,0,0,2020-01-06
"AU",2020,2,0,0,0,0,0,2020-01-13
"AU",2020,3,0,0,0,0,0,2020-01-20
"AU",2020,4,0,0,0,0,3.17428571428571,2020-01-27
"AU",2020,5,0,0,0,0,13.49,2020-02-03
"AU",2020,6,0,0,0,0,19.44,2020-02-10
"AU",2020,7,0,0,0,0,19.44,2020-02-17
"AU",2020,8,0,0,0,0,19.44,2020-02-24
"AU",2020,9,1,0,0,0,19.44,2020-03-02
"AU",2020,10,2,0,0,0,19.44,2020-03-09
"AU",2020,11,3,0,0,0,19.44,2020-03-16
"AU",2020,12,2,0,0,0,40.4757142857143,2020-03-23
"AU",2020,13,11,3,2,1,66.6685714285714,2020-03-30
"AU",2020,14,22,3,2,2,72.3571428571429,2020-04-06
"AU",2020,15,21,3,2,2,73.15,2020-04-13
"AU",2020,16,10,3,2,2,72.09,2020-04-20
"AU",2020,17,12,2,2,2,69.44,2020-04-27
"AU",2020,18,12,2,2,2,69.44,2020-05-04
"AU",2020,19,2,2,2,2,69.44,2020-05-11
"AU",2020,20,2,2,2,2,67.4571428571429,2020-05-18
"AU",2020,21,3,2,1,1,67.13,2020-05-25
"AU",2020,22,0,2,1,1,64.4871428571429,2020-06-01
"AU",2020,23,0,2,1,0,62.04,2020-06-08
"AU",2020,24,0,0,1,0,53.1085714285714,2020-06-15
"AU",2020,25,0,0,1,0,46.76,2020-06-22
"AU",2020,26,1,2,1,0,51.5171428571429,2020-06-29
"AU",2020,27,2,3,2,2,64.2171428571429,2020-07-06
"AU",2020,28,2,3,2,3,73.6085714285714,2020-07-13
"AU",2020,29,15,2,2,2,69.6457142857143,2020-07-20
"AU",2020,30,38,2,2,2,68.06,2020-07-27
"AU",2020,31,60,2,2,2,69.1171428571429,2020-08-03
"BD",2020,1,0,0,0,0,0,2020-01-06
"BD",2020,2,0,0,0,0,0,2020-01-13
"BD",2020,3,0,0,0,0,0,2020-01-20
"BD",2020,4,0,0,0,0,5.95,2020-01-27
"BD",2020,5,0,0,0,0,13.0957142857143,2020-02-03
"BD",2020,6,0,0,0,0,13.89,2020-02-10
"BD",2020,7,0,0,0,0,13.89,2020-02-17
"BD",2020,8,0,0,0,0,13.89,2020-02-24
"BD",2020,9,0,0,0,0,13.89,2020-03-02
"BD",2020,10,0,0,0,0,13.89,2020-03-09
"BD",2020,11,0,0,0,0,13.89,2020-03-16
"BD",2020,12,3,3,3,2,59.2585714285714,2020-03-23
"BD",2020,13,2,3,3,1,83.2014285714286,2020-03-30
"BD",2020,14,7,3,3,1,86.6428571428572,2020-04-06
"BD",2020,15,27,3,3,1,89.42,2020-04-13
"BD",2020,16,62,3,3,2,93.52,2020-04-20
"BD",2020,17,51,3,3,2,93.52,2020-04-27
"BD",2020,18,30,3,3,2,91.93,2020-05-04
"BD",2020,19,57,3,2,2,89.81,2020-05-11
"BD",2020,20,110,3,2,2,90.34,2020-05-18
"BD",2020,21,152,3,3,2,93.52,2020-05-25
"BD",2020,22,171,3,3,2,89.1542857142857,2020-06-01
"BD",2020,23,258,3,1,1,62.96,2020-06-08
"BD",2020,24,279,3,1,1,62.96,2020-06-15
"BD",2020,25,293,3,1,2,72.8857142857143,2020-06-22
"BD",2020,26,281,3,1,2,74.54,2020-06-29
"BD",2020,27,313,3,1,2,74.54,2020-07-06
"BD",2020,28,295,3,1,2,74.54,2020-07-13
"BD",2020,29,277,3,3,2,77.7114285714286,2020-07-20
"BD",2020,30,297,3,3,2,80.09,2020-07-27
"BD",2020,31,219,3,3,2,80.09,2020-08-03
"BE",2020,1,0,0,0,0,0,2020-01-06
"BE",2020,2,0,0,0,0,0,2020-01-13
"BE",2020,3,0,0,0,0,0,2020-01-20
"BE",2020,4,0,0,0,0,0,2020-01-27
"BE",2020,5,0,0,0,0,7.14428571428571,2020-02-03
"BE",2020,6,0,0,0,0,11.11,2020-02-10
"BE",2020,7,0,0,0,0,11.11,2020-02-17
"BE",2020,8,0,0,0,0,11.11,2020-02-24
"BE",2020,9,0,0,0,0,11.11,2020-03-02
"BE",2020,10,0,0,0,0,13.0957142857143,2020-03-09
"BE",2020,11,30,0,0,0,28.1742857142857,2020-03-16
"BE",2020,12,265,2,3,2,70.3714285714286,2020-03-23
"BE",2020,13,873,2,3,2,81.48,2020-03-30
"BE",2020,14,1668,2,3,2,81.48,2020-04-06
"BE",2020,15,1998,2,3,2,81.48,2020-04-13
"BE",2020,16,1596,2,3,2,81.48,2020-04-20
"BE",2020,17,1126,2,3,2,81.48,2020-04-27
"BE",2020,18,661,2,3,2,81.48,2020-05-04
"BE",2020,19,510,2,3,2,79.0971428571429,2020-05-11
"BE",2020,20,287,2,2,2,75,2020-05-18
"BE",2020,21,222,2,2,2,75,2020-05-25
"BE",2020,22,156,2,2,2,75,2020-06-01
"BE",2020,23,101,2,2,2,74.2071428571429,2020-06-08
"BE",2020,24,57,2,2,0,51.85,2020-06-15
"BE",2020,25,47,2,2,0,51.85,2020-06-22
"BE",2020,26,30,2,2,0,51.85,2020-06-29
"BE",2020,27,23,1,2,0,49.2071428571429,2020-07-06
"BE",2020,28,12,1,2,0,48.15,2020-07-13
"BE",2020,29,21,1,2,0,48.15,2020-07-20
"BE",2020,30,17,1,2,0,48.15,2020-07-27
"BE",2020,31,19,1,3,2,57.8042857142857,2020-08-03
"BR",2020,1,0,0,0,0,0,2020-01-06
"BR",2020,2,0,0,0,0,0,2020-01-13
"BR",2020,3,0,0,0,0,0,2020-01-20
"BR",2020,4,0,0,0,0,0,2020-01-27
"BR",2020,5,0,0,0,0,3.97142857142857,2020-02-03
"BR",2020,6,0,0,0,0,5.56,2020-02-10
"BR",2020,7,0,0,0,0,5.56,2020-02-17
"BR",2020,8,0,0,0,0,5.56,2020-02-24
"BR",2020,9,0,0,0,0,5.56,2020-03-02
"BR",2020,10,0,0,0,0,11.11,2020-03-09
"BR",2020,11,0,3,0,0,26.3214285714286,2020-03-16
"BR",2020,12,34,3,3,1,62.3671428571429,2020-03-23
"BR",2020,13,125,3,3,1,72.9514285714286,2020-03-30
"BR",2020,14,405,3,3,1,74.54,2020-04-06
"BR",2020,15,764,3,3,1,74.54,2020-04-13
"BR",2020,16,1259,3,3,1,74.54,2020-04-20
"BR",2020,17,2016,3,3,1,74.9357142857143,2020-04-27
"BR",2020,18,2764,3,3,1,77.31,2020-05-04
"BR",2020,19,4286,3,3,2,80.49,2020-05-11
"BR",2020,20,5200,3,3,2,81.02,2020-05-18
"BR",2020,21,6620,3,3,2,81.02,2020-05-25
"BR",2020,22,6464,3,3,2,81.02,2020-06-01
"BR",2020,23,7197,3,2,2,77.31,2020-06-08
"BR",2020,24,6825,3,2,2,77.31,2020-06-15
"BR",2020,25,7312,3,2,2,77.31,2020-06-22
"BR",2020,26,7043,3,2,2,77.31,2020-06-29
"BR",2020,27,7173,3,2,2,78.9,2020-07-06
"BR",2020,28,7346,3,3,2,81.02,2020-07-13
"BR",2020,29,7287,3,3,2,81.02,2020-07-20
"BR",2020,30,7498,3,3,2,81.02,2020-07-27
"BR",2020,31,7047,3,3,2,75.07,2020-08-03
"CA",2020,1,0,0,0,0,0,2020-01-06
"CA",2020,2,0,0,0,0,0,2020-01-13
"CA",2020,3,0,0,0,0,0,2020-01-20
"CA",2020,4,0,0,0,0,1.98571428571429,2020-01-27
"CA",2020,5,0,0,0,0,2.78,2020-02-03
"CA",2020,6,0,0,0,0,2.78,2020-02-10
"CA",2020,7,0,0,0,0,2.78,2020-02-17
"CA",2020,8,0,0,0,0,2.78,2020-02-24
"CA",2020,9,0,0,0,0,2.78,2020-03-02
"CA",2020,10,1,0,0,0,2.78,2020-03-09
"CA",2020,11,4,0,0,0,16.0042857142857,2020-03-16
"CA",2020,12,19,3,3,1,60.4514285714286,2020-03-23
"CA",2020,13,65,3,3,1,72.69,2020-03-30
"CA",2020,14,234,3,3,1,73.4828571428571,2020-04-06
"CA",2020,15,457,3,3,1,72.69,2020-04-13
"CA",2020,16,910,3,3,1,72.69,2020-04-20
"CA",2020,17,1017,3,3,1,72.69,2020-04-27
"CA",2020,18,1147,3,3,1,72.69,2020-05-04
"CA",2020,19,1139,3,3,1,72.69,2020-05-11
"CA",2020,20,849,3,3,1,70.83,2020-05-18
"CA",2020,21,703,3,3,1,70.83,2020-05-25
"CA",2020,22,781,3,3,1,70.83,2020-06-01
"CA",2020,23,509,3,3,1,70.83,2020-06-08
"CA",2020,24,340,3,3,1,70.83,2020-06-15
"CA",2020,25,261,3,3,1,70.83,2020-06-22
"CA",2020,26,130,3,2,1,68.98,2020-06-29
"CA",2020,27,127,3,2,1,68.98,2020-07-06
"CA",2020,28,97,3,2,1,67.9228571428571,2020-07-13
"CA",2020,29,68,3,2,1,67.13,2020-07-20
"CA",2020,30,43,3,2,1,67.13,2020-07-27
"CA",2020,31,46,3,2,1,67.13,2020-08-03
"CH",2020,1,0,0,0,0,0,2020-01-06
"CH",2020,2,0,0,0,0,0,2020-01-13
"CH",2020,3,0,0,0,0,0,2020-01-20
"CH",2020,4,0,0,0,0,0,2020-01-27
"CH",2020,5,0,0,0,0,0,2020-02-03
"CH",2020,6,0,0,0,0,0,2020-02-10
"CH",2020,7,0,0,0,0,0,2020-02-17
"CH",2020,8,0,0,0,0,0,2020-02-24
"CH",2020,9,0,0,0,0,12.6957142857143,2020-03-02
"CH",2020,10,2,0,0,0,24.2057142857143,2020-03-09
"CH",2020,11,12,0,0,0,33.3314285714286,2020-03-16
"CH",2020,12,106,3,3,1,69.0485714285714,2020-03-23
"CH",2020,13,239,3,3,1,73.15,2020-03-30
"CH",2020,14,406,3,3,1,73.15,2020-04-06
"CH",2020,15,373,3,3,1,73.15,2020-04-13
"CH",2020,16,291,3,3,1,73.15,2020-04-20
"CH",2020,17,236,3,3,1,73.15,2020-04-27
"CH",2020,18,119,3,2,1,69.44,2020-05-04
"CH",2020,19,61,3,2,1,69.44,2020-05-11
"CH",2020,20,41,2,2,1,65.74,2020-05-18
"CH",2020,21,27,2,2,1,65.74,2020-05-25
"CH",2020,22,7,2,2,1,64.9457142857143,2020-06-01
"CH",2020,23,3,2,2,1,59.2571428571429,2020-06-08
"CH",2020,24,16,1,1,1,48.15,2020-06-15
"CH",2020,25,17,1,1,1,48.15,2020-06-22
"CH",2020,26,6,1,1,0,37.04,2020-06-29
"CH",2020,27,3,1,1,0,38.8228571428571,2020-07-06
"CH",2020,28,3,1,1,0,41.2,2020-07-13
"CH",2020,29,3,1,1,0,41.2,2020-07-20
"CH",2020,30,7,1,1,0,41.2,2020-07-27
"CH",2020,31,3,1,1,0,42.79,2020-08-03
"CL",2020,1,0,0,0,0,0,2020-01-06
"CL",2020,2,0,0,0,0,0,2020-01-13
"CL",2020,3,0,0,0,0,0,2020-01-20
"CL",2020,4,0,0,0,0,0,2020-01-27
"CL",2020,5,0,0,0,0,0,2020-02-03
"CL",2020,6,0,0,0,0,0,2020-02-10
"CL",2020,7,0,0,0,0,0,2020-02-17
"CL",2020,8,0,0,0,0,0,2020-02-24
"CL",2020,9,0,0,0,0,0,2020-03-02
"CL",2020,10,0,0,0,0,0,2020-03-09
"CL",2020,11,0,0,0,0,4.76142857142857,2020-03-16
"CL",2020,12,2,3,3,0,52.1171428571429,2020-03-23
"CL",2020,13,6,3,2,2,67.0642857142857,2020-03-30
"CL",2020,14,29,3,2,2,73.15,2020-04-06
"CL",2020,15,45,3,2,2,73.15,2020-04-13
"CL",2020,16,57,3,2,2,73.15,2020-04-20
"CL",2020,17,59,3,2,2,73.15,2020-04-27
"CL",2020,18,72,3,2,2,73.15,2020-05-04
"CL",2020,19,53,3,2,2,74.3414285714286,2020-05-11
"CL",2020,20,155,3,2,2,76.92,2020-05-18
"CL",2020,21,283,3,3,3,78.24,2020-05-25
"CL",2020,22,352,3,3,3,78.24,2020-06-01
"CL",2020,23,1151,3,3,3,78.24,2020-06-08
"CL",2020,24,1098,3,3,3,78.24,2020-06-15
"CL",2020,25,1140,3,3,3,78.24,2020-06-22
"CL",2020,26,1073,3,3,3,78.24,2020-06-29
"CL",2020,27,809,3,3,3,83.0014285714286,2020-07-06
"CL",2020,28,640,3,3,3,89.35,2020-07-13
"CL",2020,29,1609,3,3,3,88.1585714285714,2020-07-20
"CL",2020,30,554,3,3,3,86.57,2020-07-27
"CL",2020,31,520,3,3,3,87.3642857142857,2020-08-03
"CN",2020,1,0,0,0,0,1.39,2020-01-06
"CN",2020,2,1,0,0,0,2.78,2020-01-13
"CN",2020,3,3,0,0,0,6.74428571428571,2020-01-20
"CN",2020,4,76,0,0,1,35.7814285714286,2020-01-27
"CN",2020,5,281,3,3,1,72.0242857142857,2020-02-03
"CN",2020,6,548,3,3,3,77.31,2020-02-10
"CN",2020,7,863,3,3,3,75.46,2020-02-17
"CN",2020,8,823,3,3,3,75.46,2020-02-24
"CN",2020,9,320,3,3,3,80.2257142857143,2020-03-02
"CN",2020,10,208,3,3,3,81.02,2020-03-09
"CN",2020,11,95,3,3,3,81.02,2020-03-16
"CN",2020,12,58,3,3,3,79.17,2020-03-23
"CN",2020,13,34,3,3,3,78.3728571428571,2020-03-30
"CN",2020,14,30,3,3,3,72.0242857142857,2020-04-06
"CN",2020,15,11,3,2,1,60.6457142857143,2020-04-13
"CN",2020,16,1291,3,2,1,56.94,2020-04-20
"CN",2020,17,1,3,2,1,56.94,2020-04-27
"CN",2020,18,0,3,2,1,56.94,2020-05-04
"CN",2020,19,0,3,2,1,60.5114285714286,2020-05-11
"CN",2020,20,2,3,3,3,81.94,2020-05-18
"CN",2020,21,0,3,3,3,81.94,2020-05-25
"CN",2020,22,0,3,3,3,81.94,2020-06-01
"CN",2020,23,0,2,3,3,79.2971428571429,2020-06-08
"CN",2020,24,0,2,3,3,78.24,2020-06-15
"CN",2020,25,1,3,3,3,81.4114285714286,2020-06-22
"CN",2020,26,2,3,3,3,81.94,2020-06-29
"CN",2020,27,0,3,3,3,81.94,2020-07-06
"CN",2020,28,0,3,3,3,81.94,2020-07-13
"CN",2020,29,5,3,3,3,81.94,2020-07-20
"CN",2020,30,6,3,3,3,81.94,2020-07-27
"CN",2020,31,17,3,3,3,81.94,2020-08-03
"CO",2020,1,0,0,0,0,0,2020-01-06
"CO",2020,2,0,0,0,0,0,2020-01-13
"CO",2020,3,0,0,0,0,0,2020-01-20
"CO",2020,4,0,0,0,0,5.95,2020-01-27
"CO",2020,5,0,0,0,0,8.33,2020-02-03
"CO",2020,6,0,0,0,0,8.33,2020-02-10
"CO",2020,7,0,0,0,0,8.33,2020-02-17
"CO",2020,8,0,0,0,0,8.33,2020-02-24
"CO",2020,9,0,0,1,0,12.04,2020-03-02
"CO",2020,10,0,0,1,0,12.04,2020-03-09
"CO",2020,11,1,0,1,0,25.9242857142857,2020-03-16
"CO",2020,12,2,3,1,0,50.1357142857143,2020-03-23
"CO",2020,13,21,3,3,2,78.1714285714286,2020-03-30
"CO",2020,14,65,3,3,2,87.96,2020-04-06
"CO",2020,15,60,3,3,2,87.96,2020-04-13
"CO",2020,16,76,3,2,2,84.7885714285714,2020-04-20
"CO",2020,17,84,3,2,2,85.4514285714286,2020-04-27
"CO",2020,18,134,3,3,2,90.74,2020-05-04
"CO",2020,19,162,3,2,2,88.0971428571429,2020-05-11
"CO",2020,20,146,3,2,2,87.04,2020-05-18
"CO",2020,21,242,3,2,2,87.04,2020-05-25
"CO",2020,22,324,3,2,2,87.04,2020-06-01
"CO",2020,23,488,3,2,2,87.04,2020-06-08
"CO",2020,24,609,3,2,2,87.04,2020-06-15
"CO",2020,25,851,3,2,2,87.04,2020-06-22
"CO",2020,26,969,3,2,2,87.04,2020-06-29
"CO",2020,27,1189,3,2,2,87.04,2020-07-06
"CO",2020,28,1559,3,2,2,87.04,2020-07-13
"CO",2020,29,1832,3,3,2,87.04,2020-07-20
"CO",2020,30,2176,3,3,2,87.04,2020-07-27
"CO",2020,31,2327,3,3,2,87.04,2020-08-03
"CZ",2020,1,0,0,0,0,0,2020-01-06
"CZ",2020,2,0,0,0,0,0,2020-01-13
"CZ",2020,3,0,0,0,0,0,2020-01-20
"CZ",2020,4,0,0,0,0,2.38285714285714,2020-01-27
"CZ",2020,5,0,0,0,0,14.2871428571429,2020-02-03
"CZ",2020,6,0,0,0,0,16.67,2020-02-10
"CZ",2020,7,0,0,0,0,16.67,2020-02-17
"CZ",2020,8,0,0,0,0,16.67,2020-02-24
"CZ",2020,9,0,0,0,0,17.8571428571429,2020-03-02
"CZ",2020,10,0,0,0,0,19.44,2020-03-09
"CZ",2020,11,0,3,0,0,46.9571428571429,2020-03-16
"CZ",2020,12,1,3,3,2,79.63,2020-03-23
"CZ",2020,13,22,3,3,2,82.41,2020-03-30
"CZ",2020,14,55,3,3,2,77.6442857142857,2020-04-06
"CZ",2020,15,65,3,3,2,74.07,2020-04-13
"CZ",2020,16,51,3,3,2,71.6957142857143,2020-04-20
"CZ",2020,17,29,2,2,1,60.7185714285714,2020-04-27
"CZ",2020,18,29,2,2,1,57.41,2020-05-04
"CZ",2020,19,30,2,2,1,57.41,2020-05-11
"CZ",2020,20,15,2,2,1,57.41,2020-05-18
"CZ",2020,21,20,2,2,1,57.41,2020-05-25
"CZ",2020,22,4,2,1,1,45.37,2020-06-01
"CZ",2020,23,7,2,1,0,41.67,2020-06-08
"CZ",2020,24,2,2,1,0,41.67,2020-06-15
"CZ",2020,25,6,2,1,0,40.7442857142857,2020-06-22
"CZ",2020,26,12,1,1,0,35.19,2020-06-29
"CZ",2020,27,2,1,1,0,36.3757142857143,2020-07-06
"CZ",2020,28,3,1,1,0,34.72,2020-07-13
"CZ",2020,29,6,1,1,0,35.5142857142857,2020-07-20
"CZ",2020,30,14,1,1,0,37.5,2020-07-27
"CZ",2020,31,13,1,1,0,36.11,2020-08-03
"DE",2020,1,0,0,0,0,0,2020-01-06
"DE",2020,2,0,0,0,0,0,2020-01-13
"DE",2020,3,0,0,0,0,0,2020-01-20
"DE",2020,4,0,0,0,0,2.38285714285714,2020-01-27
"DE",2020,5,0,0,0,0,5.56,2020-02-03
"DE",2020,6,0,0,0,0,5.56,2020-02-10
"DE",2020,7,0,0,0,0,9.52428571428571,2020-02-17
"DE",2020,8,0,0,0,0,11.11,2020-02-24
"DE",2020,9,0,2,0,0,17.8571428571429,2020-03-02
"DE",2020,10,19,2,0,0,25,2020-03-09
"DE",2020,11,114,2,0,1,32.2742857142857,2020-03-16
"DE",2020,12,571,3,0,1,56.3485714285714,2020-03-23
"DE",2020,13,1578,3,2,2,76.85,2020-03-30
"DE",2020,14,2271,3,2,2,76.85,2020-04-06
"DE",2020,15,1736,3,2,2,76.85,2020-04-13
"DE",2020,16,1188,3,2,2,76.85,2020-04-20
"DE",2020,17,642,3,2,2,76.85,2020-04-27
"DE",2020,18,340,3,2,2,76.6514285714286,2020-05-04
"DE",2020,19,232,2,2,0,66.7314285714286,2020-05-11
"DE",2020,20,153,2,2,0,63.5557142857143,2020-05-18
"DE",2020,21,99,2,2,0,59.9842857142857,2020-05-25
"DE",2020,22,52,2,2,0,59.72,2020-06-01
"DE",2020,23,41,2,2,0,59.72,2020-06-08
"DE",2020,24,32,2,2,0,59.72,2020-06-15
"DE",2020,25,32,3,2,0,61.84,2020-06-22
"DE",2020,26,25,3,2,0,63.43,2020-06-29
"DE",2020,27,23,3,2,0,63.43,2020-07-06
"DE",2020,28,23,1,2,0,56.2814285714286,2020-07-13
"DE",2020,29,28,1,2,0,55.09,2020-07-20
"DE",2020,30,34,1,2,0,55.09,2020-07-27
"DE",2020,31,28,1,2,0,56.2814285714286,2020-08-03
"DK",2020,1,0,0,0,0,0,2020-01-06
"DK",2020,2,0,0,0,0,0,2020-01-13
"DK",2020,3,0,0,0,0,0,2020-01-20
"DK",2020,4,0,0,0,0,0,2020-01-27
"DK",2020,5,0,0,0,0,0,2020-02-03
"DK",2020,6,0,0,0,0,0,2020-02-10
"DK",2020,7,0,0,0,0,0,2020-02-17
"DK",2020,8,0,0,0,0,0,2020-02-24
"DK",2020,9,0,0,0,0,6.34857142857143,2020-03-02
"DK",2020,10,0,0,0,1,21.43,2020-03-09
"DK",2020,11,3,0,1,1,46.8242857142857,2020-03-16
"DK",2020,12,21,3,2,1,70.3685714285714,2020-03-23
"DK",2020,13,53,3,2,1,72.22,2020-03-30
"DK",2020,14,110,3,2,1,72.22,2020-04-06
"DK",2020,15,98,3,2,1,72.22,2020-04-13
"DK",2020,16,79,2,2,1,69.5771428571429,2020-04-20
"DK",2020,17,63,2,2,1,68.52,2020-04-27
"DK",2020,18,66,2,2,1,68.52,2020-05-04
"DK",2020,19,40,2,2,1,67.3285714285714,2020-05-11
"DK",2020,20,15,2,2,1,65.74,2020-05-18
"DK",2020,21,15,2,2,1,65.74,2020-05-25
"DK",2020,22,13,2,2,1,62.96,2020-06-01
"DK",2020,23,17,2,2,1,62.96,2020-06-08
"DK",2020,24,5,2,2,1,62.96,2020-06-15
"DK",2020,25,4,2,2,1,62.96,2020-06-22
"DK",2020,26,3,2,2,1,62.96,2020-06-29
"DK",2020,27,2,2,2,1,62.96,2020-07-06
"DK",2020,28,3,2,2,1,60.9814285714286,2020-07-13
"DK",2020,29,1,2,2,1,60.19,2020-07-20
"DK",2020,30,2,2,2,1,60.19,2020-07-27
"DK",2020,31,3,2,2,1,59.13,2020-08-03
"EG",2020,1,0,0,0,0,0,2020-01-06
"EG",2020,2,0,0,0,0,0,2020-01-13
"EG",2020,3,0,0,0,0,0,2020-01-20
"EG",2020,4,0,0,0,0,0,2020-01-27
"EG",2020,5,0,0,0,0,0,2020-02-03
"EG",2020,6,0,0,0,0,0,2020-02-10
"EG",2020,7,0,0,0,0,0,2020-02-17
"EG",2020,8,0,0,0,0,0,2020-02-24
"EG",2020,9,0,0,0,0,0,2020-03-02
"EG",2020,10,1,0,0,0,0,2020-03-09
"EG",2020,11,1,0,0,0,1.58714285714286,2020-03-16
"EG",2020,12,17,3,2,0,28.0428571428571,2020-03-23
"EG",2020,13,22,3,2,2,73.4128571428571,2020-03-30
"EG",2020,14,44,3,2,2,84.26,2020-04-06
"EG",2020,15,79,3,2,2,84.26,2020-04-13
"EG",2020,16,86,3,2,2,84.26,2020-04-20
"EG",2020,17,87,3,2,2,84.26,2020-04-27
"EG",2020,18,99,3,2,2,84.26,2020-05-04
"EG",2020,19,97,3,2,2,84.26,2020-05-11
"EG",2020,20,112,3,2,2,84.26,2020-05-18
"EG",2020,21,138,3,2,2,84.26,2020-05-25
"EG",2020,22,222,3,2,2,84.26,2020-06-01
"EG",2020,23,266,3,2,2,82.4085714285714,2020-06-08
"EG",2020,24,401,2,2,1,71.3,2020-06-15
"EG",2020,25,606,2,2,1,71.3,2020-06-22
"EG",2020,26,594,2,2,1,71.3,2020-06-29
"EG",2020,27,550,2,2,1,63.3642857142857,2020-07-06
"EG",2020,28,513,2,2,1,60.19,2020-07-13
"EG",2020,29,417,2,2,1,60.19,2020-07-20
"EG",2020,30,300,2,2,1,60.19,2020-07-27
"EG",2020,31,236,2,2,1,60.19,2020-08-03
"ES",2020,1,0,0,0,0,0,2020-01-06
"ES",2020,2,0,0,0,0,0,2020-01-13
"ES",2020,3,0,0,0,0,0,2020-01-20
"ES",2020,4,0,0,0,0,0,2020-01-27
"ES",2020,5,0,0,0,0,4.76142857142857,2020-02-03
"ES",2020,6,0,0,0,0,11.11,2020-02-10
"ES",2020,7,0,0,0,0,11.11,2020-02-17
"ES",2020,8,0,0,0,0,11.11,2020-02-24
"ES",2020,9,0,0,0,0,11.11,2020-03-02
"ES",2020,10,28,0,0,0,11.11,2020-03-09
"ES",2020,11,314,3,1,0,48.94,2020-03-16
"ES",2020,12,1969,3,2,2,71.3628571428572,2020-03-23
"ES",2020,13,5405,3,2,2,71.76,2020-03-30
"ES",2020,14,5625,3,3,2,85.19,2020-04-06
"ES",2020,15,4415,3,3,2,85.19,2020-04-13
"ES",2020,16,3096,3,3,2,85.19,2020-04-20
"ES",2020,17,2669,3,3,2,85.19,2020-04-27
"ES",2020,18,1907,3,3,2,85.19,2020-05-04
"ES",2020,19,1316,3,3,2,81.94,2020-05-11
"ES",2020,20,965,3,3,2,82.3385714285714,2020-05-18
"ES",2020,21,-875,3,3,2,77.58,2020-05-25
"ES",2020,22,293,2,2,1,69.6457142857143,2020-06-01
"ES",2020,23,9,2,2,1,66.67,2020-06-08
"ES",2020,24,0,2,1,1,57.41,2020-06-15
"ES",2020,25,1188,2,1,1,54.83,2020-06-22
"ES",2020,26,22,2,0,0,39.35,2020-06-29
"ES",2020,27,42,2,0,0,43.8471428571429,2020-07-06
"ES",2020,28,18,2,0,1,55.09,2020-07-13
"ES",2020,29,16,2,2,2,61.7042857142857,2020-07-20
"ES",2020,30,12,2,2,2,64.35,2020-07-27
"ES",2020,31,38,2,2,2,64.35,2020-08-03
"FI",2020,1,0,0,0,0,0,2020-01-06
"FI",2020,2,0,0,0,0,0,2020-01-13
"FI",2020,3,0,0,0,0,0,2020-01-20
"FI",2020,4,0,0,0,0,0,2020-01-27
"FI",2020,5,0,0,0,0,5.56,2020-02-03
"FI",2020,6,0,0,0,0,10.32,2020-02-10
"FI",2020,7,0,0,0,0,13.89,2020-02-17
"FI",2020,8,0,0,0,0,13.89,2020-02-24
"FI",2020,9,0,0,0,0,17.0614285714286,2020-03-02
"FI",2020,10,0,0,0,0,19.44,2020-03-09
"FI",2020,11,0,0,1,0,27.9085714285714,2020-03-16
"FI",2020,12,1,2,2,1,56.2185714285714,2020-03-23
"FI",2020,13,12,2,2,1,58.2042857142857,2020-03-30
"FI",2020,14,14,2,2,1,60.19,2020-04-06
"FI",2020,15,32,2,2,1,60.19,2020-04-13
"FI",2020,16,39,2,2,1,58.2042857142857,2020-04-20
"FI",2020,17,95,2,2,1,57.41,2020-04-27
"FI",2020,18,47,2,2,1,57.41,2020-05-04
"FI",2020,19,31,2,2,1,57.41,2020-05-11
"FI",2020,20,29,1,2,1,53.7071428571429,2020-05-18
"FI",2020,21,8,1,2,1,50.93,2020-05-25
"FI",2020,22,10,1,2,1,48.5471428571429,2020-06-01
"FI",2020,23,5,1,2,0,41.67,2020-06-08
"FI",2020,24,3,1,2,0,41.67,2020-06-15
"FI",2020,25,1,1,1,0,32.41,2020-06-22
"FI",2020,26,1,1,1,0,32.41,2020-06-29
"FI",2020,27,1,1,1,0,32.41,2020-07-06
"FI",2020,28,0,1,1,0,38.7585714285714,2020-07-13
"FI",2020,29,-1,1,1,0,41.1371428571429,2020-07-20
"FI",2020,30,1,1,1,0,37.96,2020-07-27
"FI",2020,31,0,1,1,0,37.96,2020-08-03
"FR",2020,1,0,0,0,0,0,2020-01-06
"FR",2020,2,0,0,0,0,0,2020-01-13
"FR",2020,3,0,0,0,0,0,2020-01-20
"FR",2020,4,0,0,0,0,5.15857142857143,2020-01-27
"FR",2020,5,0,0,0,0,12.3014285714286,2020-02-03
"FR",2020,6,0,0,0,0,13.89,2020-02-10
"FR",2020,7,0,0,0,0,13.89,2020-02-17
"FR",2020,8,0,0,0,0,13.89,2020-02-24
"FR",2020,9,0,0,0,0,22.2242857142857,2020-03-02
"FR",2020,10,0,3,0,0,46.76,2020-03-09
"FR",2020,11,0,3,0,0,48.3457142857143,2020-03-16
"FR",2020,12,0,3,3,2,83.9257142857143,2020-03-23
"FR",2020,13,0,3,3,2,87.96,2020-03-30
"FR",2020,14,8911,3,3,2,87.96,2020-04-06
"FR",2020,15,6056,3,3,2,87.96,2020-04-13
"FR",2020,16,5298,3,3,2,87.96,2020-04-20
"FR",2020,17,3028,3,3,2,87.96,2020-04-27
"FR",2020,18,1908,3,3,2,87.96,2020-05-04
"FR",2020,19,1442,3,3,2,87.96,2020-05-11
"FR",2020,20,1596,2,2,1,76.85,2020-05-18
"FR",2020,21,218,2,2,1,76.85,2020-05-25
"FR",2020,22,376,2,2,1,75.2642857142857,2020-06-01
"FR",2020,23,376,2,2,1,72.6171428571429,2020-06-08
"FR",2020,24,227,2,2,1,72.22,2020-06-15
"FR",2020,25,227,2,2,1,72.22,2020-06-22
"FR",2020,26,150,0,1,1,51.85,2020-06-29
"FR",2020,27,107,0,1,1,51.85,2020-07-06
"FR",2020,28,109,0,1,1,44.71,2020-07-13
"FR",2020,29,148,0,1,1,43.52,2020-07-20
"FR",2020,30,32,0,1,1,43.52,2020-07-27
"FR",2020,31,85,0,1,1,43.52,2020-08-03
"GB",2020,1,0,0,0,0,0,2020-01-06
"GB",2020,2,0,0,0,0,0,2020-01-13
"GB",2020,3,0,0,0,0,0,2020-01-20
"GB",2020,4,0,0,0,0,3.97142857142857,2020-01-27
"GB",2020,5,0,0,0,0,7.14428571428571,2020-02-03
"GB",2020,6,0,0,0,0,11.11,2020-02-10
"GB",2020,7,0,0,0,0,11.11,2020-02-17
"GB",2020,8,0,0,0,0,11.11,2020-02-24
"GB",2020,9,0,0,0,0,11.11,2020-03-02
"GB",2020,10,3,0,0,0,11.11,2020-03-09
"GB",2020,11,62,0,0,0,11.9028571428571,2020-03-16
"GB",2020,12,299,3,1,1,35.45,2020-03-23
"GB",2020,13,1686,3,3,2,79.4314285714286,2020-03-30
"GB",2020,14,4390,3,3,2,79.63,2020-04-06
"GB",2020,15,6597,3,3,2,79.63,2020-04-13
"GB",2020,16,6012,3,3,2,79.63,2020-04-20
"GB",2020,17,5262,3,3,2,79.63,2020-04-27
"GB",2020,18,4179,3,3,2,79.63,2020-05-04
"GB",2020,19,3089,3,3,2,79.63,2020-05-11
"GB",2020,20,2387,3,3,1,73.1514285714286,2020-05-18
"GB",2020,21,2095,3,3,1,71.3,2020-05-25
"GB",2020,22,1470,3,3,1,70.5028571428571,2020-06-01
"GB",2020,23,1135,3,2,1,67.59,2020-06-08
"GB",2020,24,729,3,2,1,73.15,2020-06-15
"GB",2020,25,497,3,2,1,71.3,2020-06-22
"GB",2020,26,449,3,2,1,71.3,2020-06-29
"GB",2020,27,302,3,2,1,70.9028571428571,2020-07-06
"GB",2020,28,212,3,2,1,64.35,2020-07-13
"GB",2020,29,150,3,2,1,64.35,2020-07-20
"GB",2020,30,109,3,2,1,64.35,2020-07-27
"GB",2020,31,94,3,2,1,65.41,2020-08-03
"ID",2020,1,0,0,0,0,0,2020-01-06
"ID",2020,2,0,0,0,0,0,2020-01-13
"ID",2020,3,0,0,0,0,0,2020-01-20
"ID",2020,4,0,0,0,0,5.95,2020-01-27
"ID",2020,5,0,0,0,0,12.3014285714286,2020-02-03
"ID",2020,6,0,3,0,0,27.1142857142857,2020-02-10
"ID",2020,7,0,3,0,0,28.7,2020-02-17
"ID",2020,8,0,3,0,0,28.7,2020-02-24
"ID",2020,9,0,3,0,0,28.7,2020-03-02
"ID",2020,10,0,3,0,0,35.8485714285714,2020-03-09
"ID",2020,11,5,3,0,0,37.5685714285714,2020-03-16
"ID",2020,12,44,3,1,0,42.7257142857143,2020-03-23
"ID",2020,13,73,3,1,0,47.7542857142857,2020-03-30
"ID",2020,14,87,3,1,0,50.93,2020-04-06
"ID",2020,15,190,3,1,0,64.0228571428571,2020-04-13
"ID",2020,16,191,3,3,2,71.76,2020-04-20
"ID",2020,17,175,3,3,2,75.33,2020-04-27
"ID",2020,18,99,3,3,2,79.2971428571429,2020-05-04
"ID",2020,19,127,3,3,2,74.54,2020-05-11
"ID",2020,20,200,3,3,2,74.54,2020-05-18
"ID",2020,21,200,3,3,2,72.5542857142857,2020-05-25
"ID",2020,22,250,3,3,2,71.76,2020-06-01
"ID",2020,23,242,3,3,2,71.76,2020-06-08
"ID",2020,24,315,3,2,2,68.06,2020-06-15
"ID",2020,25,302,3,2,2,68.06,2020-06-22
"ID",2020,26,305,3,2,2,60.9114285714286,2020-06-29
"ID",2020,27,436,2,2,2,54.9628571428571,2020-07-06
"ID",2020,28,415,2,2,2,56.55,2020-07-13
"ID",2020,29,583,2,2,2,62.5,2020-07-20
"ID",2020,30,599,2,2,2,62.5,2020-07-27
"ID",2020,31,464,2,2,2,62.5,2020-08-03
"IE",2020,1,0,0,0,0,0,2020-01-06
"IE",2020,2,0,0,0,0,0,2020-01-13
"IE",2020,3,0,0,0,0,0,2020-01-20
"IE",2020,4,0,0,0,0,0,2020-01-27
"IE",2020,5,0,0,0,0,0,2020-02-03
"IE",2020,6,0,0,0,0,4.76571428571429,2020-02-10
"IE",2020,7,0,0,0,0,5.56,2020-02-17
"IE",2020,8,0,0,0,0,5.56,2020-02-24
"IE",2020,9,0,0,0,0,7.14571428571429,2020-03-02
"IE",2020,10,0,0,0,0,11.11,2020-03-09
"IE",2020,11,2,0,1,0,28.3057142857143,2020-03-16
"IE",2020,12,4,3,1,0,48.15,2020-03-23
"IE",2020,13,48,3,1,0,64.0242857142857,2020-03-30
"IE",2020,14,120,3,3,2,85.19,2020-04-06
"IE",2020,15,191,3,3,2,90.74,2020-04-13
"IE",2020,16,322,3,3,2,90.74,2020-04-20
"IE",2020,17,415,3,3,2,90.74,2020-04-27
"IE",2020,18,217,3,3,2,90.74,2020-05-04
"IE",2020,19,148,3,3,2,90.74,2020-05-11
"IE",2020,20,80,3,3,2,90.74,2020-05-18
"IE",2020,21,59,3,2,1,83.33,2020-05-25
"IE",2020,22,44,3,2,1,83.33,2020-06-01
"IE",2020,23,33,3,2,1,78.5685714285714,2020-06-08
"IE",2020,24,23,3,2,1,72.22,2020-06-15
"IE",2020,25,11,3,2,1,72.22,2020-06-22
"IE",2020,26,18,3,2,1,57.9357142857143,2020-06-29
"IE",2020,27,6,2,1,0,38.89,2020-07-06
"IE",2020,28,5,2,1,0,38.89,2020-07-13
"IE",2020,29,7,2,1,0,38.89,2020-07-20
"IE",2020,30,11,2,1,0,38.89,2020-07-27
"IE",2020,31,-1,2,1,0,38.89,2020-08-03
"IL",2020,1,0,0,0,0,0,2020-01-06
"IL",2020,2,0,0,0,0,0,2020-01-13
"IL",2020,3,0,0,0,0,0,2020-01-20
"IL",2020,4,0,0,0,0,0,2020-01-27
"IL",2020,5,0,0,0,0,4.36714285714286,2020-02-03
"IL",2020,6,0,0,0,0,14.6828571428571,2020-02-10
"IL",2020,7,0,0,0,0,19.44,2020-02-17
"IL",2020,8,0,0,0,0,19.44,2020-02-24
"IL",2020,9,0,0,0,0,19.44,2020-03-02
"IL",2020,10,0,0,0,0,29.3614285714286,2020-03-09
"IL",2020,11,0,0,0,0,44.3114285714286,2020-03-16
"IL",2020,12,1,3,2,1,78.0428571428571,2020-03-23
"IL",2020,13,15,3,2,2,81.48,2020-03-30
"IL",2020,14,41,3,3,2,85.3171428571429,2020-04-06
"IL",2020,15,59,3,3,3,92.1942857142857,2020-04-13
"IL",2020,16,61,3,3,3,92.3271428571429,2020-04-20
"IL",2020,17,27,3,3,2,87.4314285714286,2020-04-27
"IL",2020,18,31,3,2,2,84.5257142857143,2020-05-04
"IL",2020,19,23,2,2,2,78.1771428571429,2020-05-11
"IL",2020,20,18,2,2,2,77.78,2020-05-18
"IL",2020,21,5,2,2,2,75.7942857142857,2020-05-25
"IL",2020,22,4,2,2,2,75,2020-06-01
"IL",2020,23,13,2,2,2,75,2020-06-08
"IL",2020,24,4,2,2,2,75,2020-06-15
"IL",2020,25,5,2,2,2,75,2020-06-22
"IL",2020,26,12,2,2,2,75,2020-06-29
"IL",2020,27,15,1,2,2,70.2342857142857,2020-07-06
"IL",2020,28,31,1,2,2,72.22,2020-07-13
"IL",2020,29,50,1,1,2,64.5514285714286,2020-07-20
"IL",2020,30,59,1,1,0,54.63,2020-07-27
"IL",2020,31,72,1,1,0,52.78,2020-08-03
"IN",2020,1,0,0,0,0,0,2020-01-06
"IN",2020,2,0,0,0,0,0,2020-01-13
"IN",2020,3,0,0,0,0,0,2020-01-20
"IN",2020,4,0,0,0,0,2.25,2020-01-27
"IN",2020,5,0,0,0,1,10.19,2020-02-03
"IN",2020,6,0,0,0,1,10.19,2020-02-10
"IN",2020,7,0,0,0,1,10.19,2020-02-17
"IN",2020,8,0,0,0,1,10.19,2020-02-24
"IN",2020,9,0,0,0,1,10.19,2020-03-02
"IN",2020,10,0,2,0,1,20.5028571428571,2020-03-09
"IN",2020,11,2,2,0,1,30.8185714285714,2020-03-16
"IN",2020,12,7,3,1,1,64.7485714285714,2020-03-23
"IN",2020,13,32,3,3,3,96.1628571428571,2020-03-30
"IN",2020,14,93,3,3,3,100,2020-04-06
"IN",2020,15,225,3,3,3,100,2020-04-13
"IN",2020,16,234,3,3,3,100,2020-04-20
"IN",2020,17,346,3,2,3,96.3,2020-04-27
"IN",2020,18,627,3,2,3,96.3,2020-05-04
"IN",2020,19,728,3,2,2,81.94,2020-05-11
"IN",2020,20,861,3,2,2,81.94,2020-05-18
"IN",2020,21,1018,3,2,2,79.17,2020-05-25
"IN",2020,22,1434,3,2,2,79.17,2020-06-01
"IN",2020,23,1870,3,1,2,75.46,2020-06-08
"IN",2020,24,2441,3,1,2,76.6514285714286,2020-06-15
"IN",2020,25,4098,3,2,2,76.5871428571429,2020-06-22
"IN",2020,26,2889,3,2,2,76.39,2020-06-29
"IN",2020,27,3271,3,1,2,74.7328571428571,2020-07-06
"IN",2020,28,3554,3,1,2,75.66,2020-07-13
"IN",2020,29,4371,3,2,2,77.78,2020-07-20
"IN",2020,30,5368,3,2,2,77.78,2020-07-27
"IN",2020,31,5517,3,2,2,78.3085714285714,2020-08-03
"IT",2020,1,0,0,0,0,0,2020-01-06
"IT",2020,2,0,0,0,0,0,2020-01-13
"IT",2020,3,0,0,0,0,0,2020-01-20
"IT",2020,4,0,0,0,0,1.58857142857143,2020-01-27
"IT",2020,5,0,0,0,0,10.7128571428571,2020-02-03
"IT",2020,6,0,0,0,0,19.44,2020-02-10
"IT",2020,7,0,0,0,0,19.44,2020-02-17
"IT",2020,8,7,0,0,0,30.3557142857143,2020-02-24
"IT",2020,9,45,3,3,2,69.91,2020-03-02
"IT",2020,10,411,3,3,2,73.2171428571429,2020-03-09
"IT",2020,11,1695,3,3,2,83.2714285714286,2020-03-16
"IT",2020,12,3919,3,3,2,87.9671428571429,2020-03-23
"IT",2020,13,5514,3,3,3,91.67,2020-03-30
"IT",2020,14,4932,3,3,3,91.67,2020-04-06
"IT",2020,15,3942,3,3,3,90.8742857142857,2020-04-13
"IT",2020,16,3649,3,3,2,93.52,2020-04-20
"IT",2020,17,2863,3,3,2,93.52,2020-04-27
"IT",2020,18,2102,3,3,2,93.52,2020-05-04
"IT",2020,19,1660,3,1,1,62.96,2020-05-11
"IT",2020,20,1268,3,1,1,64.02,2020-05-18
"IT",2020,21,870,3,2,1,63.89,2020-05-25
"IT",2020,22,598,3,2,1,63.89,2020-06-01
"IT",2020,23,489,3,2,1,48.41,2020-06-08
"IT",2020,24,407,3,2,1,47.6171428571429,2020-06-15
"IT",2020,25,286,3,2,1,55.56,2020-06-22
"IT",2020,26,87,3,2,1,55.56,2020-06-29
"IT",2020,27,125,3,2,1,55.56,2020-07-06
"IT",2020,28,98,3,2,1,57.1428571428571,2020-07-13
"IT",2020,29,91,3,2,1,58.33,2020-07-20
"IT",2020,30,54,3,2,1,58.33,2020-07-27
"IT",2020,31,54,3,1,0,48.15,2020-08-03
"KR",2020,1,0,0,0,0,0,2020-01-06
"KR",2020,2,0,0,0,0,0,2020-01-13
"KR",2020,3,0,0,0,0,0,2020-01-20
"KR",2020,4,0,0,0,0,0,2020-01-27
"KR",2020,5,0,0,0,0,4.36571428571429,2020-02-03
"KR",2020,6,0,3,0,0,28.7028571428571,2020-02-10
"KR",2020,7,0,3,0,0,31.48,2020-02-17
"KR",2020,8,8,3,0,0,38.0942857142857,2020-02-24
"KR",2020,9,20,3,1,1,55.56,2020-03-02
"KR",2020,10,25,3,1,1,55.56,2020-03-09
"KR",2020,11,22,3,1,1,55.56,2020-03-16
"KR",2020,12,36,3,1,1,60.4528571428571,2020-03-23
"KR",2020,13,47,3,2,2,75.93,2020-03-30
"KR",2020,14,28,3,2,2,76.7214285714286,2020-04-06
"KR",2020,15,31,3,3,2,82.41,2020-04-13
"KR",2020,16,19,3,3,2,79.7642857142857,2020-04-20
"KR",2020,17,8,3,2,0,43.52,2020-04-27
"KR",2020,18,10,3,2,0,43.52,2020-05-04
"KR",2020,19,4,3,2,0,43.52,2020-05-11
"KR",2020,20,5,3,2,0,43.52,2020-05-18
"KR",2020,21,6,2,2,0,40.87,2020-05-25
"KR",2020,22,3,2,2,0,47.1514285714286,2020-06-01
"KR",2020,23,2,3,2,1,56.94,2020-06-08
"KR",2020,24,4,3,2,1,56.94,2020-06-15
"KR",2020,25,3,3,2,1,56.94,2020-06-22
"KR",2020,26,1,3,2,1,56.94,2020-06-29
"KR",2020,27,3,3,2,1,56.1485714285714,2020-07-06
"KR",2020,28,4,3,2,1,52.5814285714286,2020-07-13
"KR",2020,29,7,3,2,1,48.61,2020-07-20
"KR",2020,30,4,3,2,1,48.61,2020-07-27
"KR",2020,31,1,3,2,1,48.61,2020-08-03
"MX",2020,1,0,0,0,0,0,2020-01-06
"MX",2020,2,0,0,0,0,0,2020-01-13
"MX",2020,3,0,0,0,0,0,2020-01-20
"MX",2020,4,0,0,0,0,0,2020-01-27
"MX",2020,5,0,0,0,0,0,2020-02-03
"MX",2020,6,0,0,0,0,0,2020-02-10
"MX",2020,7,0,0,0,0,0,2020-02-17
"MX",2020,8,0,0,0,0,0,2020-02-24
"MX",2020,9,0,0,0,0,1.19142857142857,2020-03-02
"MX",2020,10,0,0,0,0,2.78,2020-03-09
"MX",2020,11,0,0,0,0,2.78,2020-03-16
"MX",2020,12,4,0,0,0,4.36571428571429,2020-03-23
"MX",2020,13,24,3,3,0,54.3657142857143,2020-03-30
"MX",2020,14,97,3,3,2,82.41,2020-04-06
"MX",2020,15,207,3,3,2,82.41,2020-04-13
"MX",2020,16,380,3,3,2,82.41,2020-04-20
"MX",2020,17,722,3,3,2,82.41,2020-04-27
"MX",2020,18,837,3,3,2,82.41,2020-05-04
"MX",2020,19,1302,3,3,2,82.41,2020-05-11
"MX",2020,20,1759,3,3,2,82.41,2020-05-18
"MX",2020,21,2301,3,3,2,82.41,2020-05-25
"MX",2020,22,2534,3,3,2,82.41,2020-06-01
"MX",2020,23,3886,3,2,2,72.69,2020-06-08
"MX",2020,24,3527,3,2,2,71.8928571428571,2020-06-15
"MX",2020,25,5004,3,2,2,70.83,2020-06-22
"MX",2020,26,4537,3,2,2,70.83,2020-06-29
"MX",2020,27,3998,3,2,2,70.83,2020-07-06
"MX",2020,28,4372,3,2,2,70.83,2020-07-13
"MX",2020,29,3994,3,2,2,70.83,2020-07-20
"MX",2020,30,4537,3,2,2,70.83,2020-07-27
"MX",2020,31,3990,3,2,2,70.83,2020-08-03
"NG",2020,1,0,0,0,0,0,2020-01-06
"NG",2020,2,0,0,0,0,0,2020-01-13
"NG",2020,3,0,0,0,0,0,2020-01-20
"NG",2020,4,0,0,0,0,3.97142857142857,2020-01-27
"NG",2020,5,0,0,0,0,7.93857142857143,2020-02-03
"NG",2020,6,0,0,0,0,11.11,2020-02-10
"NG",2020,7,0,0,0,0,11.11,2020-02-17
"NG",2020,8,0,0,0,0,11.11,2020-02-24
"NG",2020,9,0,0,0,0,11.11,2020-03-02
"NG",2020,10,0,0,0,0,11.11,2020-03-09
"NG",2020,11,0,0,0,0,11.11,2020-03-16
"NG",2020,12,1,0,1,0,24.9342857142857,2020-03-23
"NG",2020,13,1,3,1,1,55.4871428571429,2020-03-30
"NG",2020,14,3,3,3,2,82.87,2020-04-06
"NG",2020,15,5,3,3,2,82.87,2020-04-13
"NG",2020,16,12,3,3,2,82.87,2020-04-20
"NG",2020,17,18,3,3,2,84.4585714285714,2020-04-27
"NG",2020,18,53,3,3,2,85.65,2020-05-04
"NG",2020,19,57,3,2,1,80.56,2020-05-11
"NG",2020,20,41,3,2,1,80.56,2020-05-18
"NG",2020,21,42,3,2,1,80.56,2020-05-25
"NG",2020,22,66,3,2,1,80.56,2020-06-01
"NG",2020,23,62,3,2,1,80.56,2020-06-08
"NG",2020,24,63,3,2,1,80.56,2020-06-15
"NG",2020,25,101,3,2,1,76.9857142857143,2020-06-22
"NG",2020,26,48,3,2,1,76.39,2020-06-29
"NG",2020,27,81,3,2,1,70.44,2020-07-06
"NG",2020,28,90,3,2,1,68.06,2020-07-13
"NG",2020,29,57,3,2,1,68.06,2020-07-20
"NG",2020,30,59,3,2,1,68.06,2020-07-27
"NG",2020,31,36,3,2,1,68.6514285714286,2020-08-03
"NL",2020,1,0,0,0,0,0,2020-01-06
"NL",2020,2,0,0,0,0,0,2020-01-13
"NL",2020,3,0,0,0,0,0,2020-01-20
"NL",2020,4,0,0,0,0,0,2020-01-27
"NL",2020,5,0,0,0,0,0,2020-02-03
"NL",2020,6,0,0,0,0,0,2020-02-10
"NL",2020,7,0,0,0,0,0,2020-02-17
"NL",2020,8,0,0,0,0,0,2020-02-24
"NL",2020,9,0,0,0,0,0,2020-03-02
"NL",2020,10,3,0,0,0,0.792857142857143,2020-03-09
"NL",2020,11,21,1,0,1,32.41,2020-03-16
"NL",2020,12,189,3,3,1,66.8,2020-03-23
"NL",2020,13,651,3,3,2,74.07,2020-03-30
"NL",2020,14,1003,3,3,2,78.8357142857143,2020-04-06
"NL",2020,15,956,3,3,2,79.63,2020-04-13
"NL",2020,16,928,3,3,2,79.63,2020-04-20
"NL",2020,17,767,3,3,2,79.63,2020-04-27
"NL",2020,18,564,3,3,2,79.63,2020-05-04
"NL",2020,19,374,3,3,2,79.63,2020-05-11
"NL",2020,20,238,2,2,1,68.52,2020-05-18
"NL",2020,21,136,2,2,1,68.52,2020-05-25
"NL",2020,22,132,2,2,1,68.52,2020-06-01
"NL",2020,23,54,2,2,1,62.96,2020-06-08
"NL",2020,24,49,2,2,1,62.96,2020-06-15
"NL",2020,25,25,1,2,1,59.26,2020-06-22
"NL",2020,26,17,1,2,1,59.26,2020-06-29
"NL",2020,27,21,1,2,1,45.3671428571429,2020-07-06
"NL",2020,28,9,1,2,1,39.81,2020-07-13
"NL",2020,29,-1,1,2,1,39.81,2020-07-20
"NL",2020,30,5,1,2,1,39.81,2020-07-27
"NL",2020,31,8,1,2,1,39.81,2020-08-03
"NO",2020,1,0,0,0,0,0,2020-01-06
"NO",2020,2,0,0,0,0,0,2020-01-13
"NO",2020,3,0,0,0,0,0,2020-01-20
"NO",2020,4,0,0,0,0,0,2020-01-27
"NO",2020,5,0,0,0,0,4.76142857142857,2020-02-03
"NO",2020,6,0,0,0,0,11.11,2020-02-10
"NO",2020,7,0,0,0,0,11.11,2020-02-17
"NO",2020,8,0,0,0,0,11.11,2020-02-24
"NO",2020,9,0,0,0,0,11.11,2020-03-02
"NO",2020,10,0,0,0,0,11.11,2020-03-09
"NO",2020,11,3,3,2,0,32.2742857142857,2020-03-16
"NO",2020,12,7,3,2,0,61.7728571428571,2020-03-23
"NO",2020,13,22,3,2,0,77.2485714285714,2020-03-30
"NO",2020,14,44,3,2,0,79.63,2020-04-06
"NO",2020,15,58,3,2,0,79.63,2020-04-13
"NO",2020,16,47,3,2,0,79.63,2020-04-20
"NO",2020,17,24,2,2,0,65.6042857142857,2020-04-27
"NO",2020,18,9,2,2,0,64.81,2020-05-04
"NO",2020,19,10,2,2,0,64.81,2020-05-11
"NO",2020,20,9,0,2,0,57.0128571428571,2020-05-18
"NO",2020,21,2,0,2,0,54.63,2020-05-25
"NO",2020,22,1,0,2,0,54.63,2020-06-01
"NO",2020,23,3,0,1,0,41.9271428571429,2020-06-08
"NO",2020,24,3,0,1,0,39.81,2020-06-15
"NO",2020,25,6,0,1,0,34.26,2020-06-22
"NO",2020,26,1,0,1,0,34.26,2020-06-29
"NO",2020,27,2,0,1,0,34.26,2020-07-06
"NO",2020,28,2,0,1,0,34.26,2020-07-13
"NO",2020,29,2,0,1,0,34.26,2020-07-20
"NO",2020,30,0,0,1,0,34.26,2020-07-27
"NO",2020,31,1,0,1,0,34.26,2020-08-03
"NZ",2020,1,0,0,0,0,0,2020-01-06
"NZ",2020,2,0,0,0,0,0,2020-01-13
"NZ",2020,3,0,0,0,0,0,2020-01-20
"NZ",2020,4,0,0,0,0,7.93571428571429,2020-01-27
"NZ",2020,5,0,0,0,0,12.3,2020-02-03
"NZ",2020,6,0,0,0,0,19.44,2020-02-10
"NZ",2020,7,0,0,0,0,19.44,2020-02-17
"NZ",2020,8,0,0,0,0,19.44,2020-02-24
"NZ",2020,9,0,0,0,0,19.44,2020-03-02
"NZ",2020,10,0,0,0,0,19.44,2020-03-09
"NZ",2020,11,0,0,0,0,19.44,2020-03-16
"NZ",2020,12,0,0,0,0,41.7985714285714,2020-03-23
"NZ",2020,13,1,3,3,2,91.2728571428571,2020-03-30
"NZ",2020,14,0,3,3,2,96.3,2020-04-06
"NZ",2020,15,4,3,3,2,96.3,2020-04-13
"NZ",2020,16,7,3,3,2,96.3,2020-04-20
"NZ",2020,17,7,3,3,2,96.3,2020-04-27
"NZ",2020,18,1,2,2,2,85.7128571428571,2020-05-04
"NZ",2020,19,1,2,2,2,83.33,2020-05-11
"NZ",2020,20,0,0,0,0,56.3471428571429,2020-05-18
"NZ",2020,21,0,0,0,0,36.11,2020-05-25
"NZ",2020,22,1,0,0,0,34.9185714285714,2020-06-01
"NZ",2020,23,0,0,0,0,33.33,2020-06-08
"NZ",2020,24,0,0,0,0,22.22,2020-06-15
"NZ",2020,25,0,0,0,0,22.22,2020-06-22
"NZ",2020,26,0,0,0,0,22.22,2020-06-29
"NZ",2020,27,0,0,0,0,22.22,2020-07-06
"NZ",2020,28,0,0,0,0,22.22,2020-07-13
"NZ",2020,29,0,0,0,0,22.22,2020-07-20
"NZ",2020,30,0,0,0,0,22.22,2020-07-27
"NZ",2020,31,0,0,0,0,22.22,2020-08-03
"PH",2020,1,0,0,0,0,0,2020-01-06
"PH",2020,2,0,0,0,0,0,2020-01-13
"PH",2020,3,0,0,0,0,0,2020-01-20
"PH",2020,4,0,0,0,0,4.76142857142857,2020-01-27
"PH",2020,5,1,0,0,0,14.68,2020-02-03
"PH",2020,6,0,0,0,0,21.8228571428571,2020-02-10
"PH",2020,7,0,0,0,0,25,2020-02-17
"PH",2020,8,0,0,0,0,25,2020-02-24
"PH",2020,9,0,0,0,0,25,2020-03-02
"PH",2020,10,0,0,0,0,25,2020-03-09
"PH",2020,11,11,3,0,0,38.7571428571429,2020-03-16
"PH",2020,12,21,3,3,3,91.2685714285714,2020-03-23
"PH",2020,13,45,3,3,3,100,2020-03-30
"PH",2020,14,85,3,3,3,100,2020-04-06
"PH",2020,15,152,3,3,3,100,2020-04-13
"PH",2020,16,113,3,3,3,100,2020-04-20
"PH",2020,17,83,3,3,3,100,2020-04-27
"PH",2020,18,112,3,3,3,98.4142857142857,2020-05-04
"PH",2020,19,103,3,3,2,96.3,2020-05-11
"PH",2020,20,105,3,3,2,96.3,2020-05-18
"PH",2020,21,42,3,3,2,96.3,2020-05-25
"PH",2020,22,87,3,3,2,88.3628571428571,2020-06-01
"PH",2020,23,51,3,2,1,77.78,2020-06-08
"PH",2020,24,87,3,2,1,77.78,2020-06-15
"PH",2020,25,79,3,2,3,83.33,2020-06-22
"PH",2020,26,78,3,2,3,83.33,2020-06-29
"PH",2020,27,48,3,2,3,83.33,2020-07-06
"PH",2020,28,296,3,2,3,80.9557142857143,2020-07-13
"PH",2020,29,236,3,2,3,80.56,2020-07-20
"PH",2020,30,110,3,2,2,78.44,2020-07-27
"PH",2020,31,159,3,2,2,76.85,2020-08-03
"PK",2020,1,0,0,0,0,0,2020-01-06
"PK",2020,2,0,0,0,0,0,2020-01-13
"PK",2020,3,0,0,0,0,0,2020-01-20
"PK",2020,4,0,0,0,0,0,2020-01-27
"PK",2020,5,0,0,0,0,3.57,2020-02-03
"PK",2020,6,0,0,0,0,0,2020-02-10
"PK",2020,7,0,0,0,0,7.93571428571429,2020-02-17
"PK",2020,8,0,0,0,0,12.3,2020-02-24
"PK",2020,9,0,3,0,0,24.7314285714286,2020-03-02
"PK",2020,10,0,3,0,0,28.7,2020-03-09
"PK",2020,11,0,3,0,0,39.02,2020-03-16
"PK",2020,12,7,3,0,0,53.5742857142857,2020-03-23
"PK",2020,13,19,3,3,2,93.9185714285714,2020-03-30
"PK",2020,14,31,3,3,2,96.3,2020-04-06
"PK",2020,15,39,3,3,2,96.3,2020-04-13
"PK",2020,16,105,3,2,2,93.65,2020-04-20
"PK",2020,17,111,3,2,2,91.3985714285714,2020-04-27
"PK",2020,18,202,3,2,2,89.81,2020-05-04
"PK",2020,19,223,3,2,2,89.81,2020-05-11
"PK",2020,20,202,3,2,2,87.5628571428571,2020-05-18
"PK",2020,21,258,3,2,2,83.6014285714286,2020-05-25
"PK",2020,22,424,3,2,2,82.41,2020-06-01
"PK",2020,23,551,3,2,1,73.8085714285714,2020-06-08
"PK",2020,24,667,3,2,1,61.11,2020-06-15
"PK",2020,25,856,3,2,1,60.3157142857143,2020-06-22
"PK",2020,26,609,3,2,2,60.19,2020-06-29
"PK",2020,27,535,3,2,2,63.8928571428571,2020-07-06
"PK",2020,28,481,3,2,2,66.67,2020-07-13
"PK",2020,29,319,3,2,2,66.67,2020-07-20
"PK",2020,30,203,3,2,2,66.67,2020-07-27
"PK",2020,31,157,3,2,2,66.67,2020-08-03
"PL",2020,1,0,0,0,0,0,2020-01-06
"PL",2020,2,0,0,0,0,0,2020-01-13
"PL",2020,3,0,0,0,0,0,2020-01-20
"PL",2020,4,0,0,0,0,3.17714285714286,2020-01-27
"PL",2020,5,0,0,0,0,5.56,2020-02-03
"PL",2020,6,0,0,0,0,5.56,2020-02-10
"PL",2020,7,0,0,0,0,5.56,2020-02-17
"PL",2020,8,0,0,0,0,5.56,2020-02-24
"PL",2020,9,0,0,0,0,8.73142857142857,2020-03-02
"PL",2020,10,0,0,0,0,11.11,2020-03-09
"PL",2020,11,4,3,0,0,36.2442857142857,2020-03-16
"PL",2020,12,4,3,2,0,57.41,2020-03-23
"PL",2020,13,23,3,2,0,57.41,2020-03-30
"PL",2020,14,76,3,2,2,78.0414285714286,2020-04-06
"PL",2020,15,138,3,2,1,82.5371428571429,2020-04-13
"PL",2020,16,135,3,2,1,83.33,2020-04-20
"PL",2020,17,182,3,2,1,83.33,2020-04-27
"PL",2020,18,136,3,2,1,83.33,2020-05-04
"PL",2020,19,113,3,2,1,83.33,2020-05-11
"PL",2020,20,125,3,2,1,83.33,2020-05-18
"PL",2020,21,71,3,2,1,83.33,2020-05-25
"PL",2020,22,67,2,2,1,75.3957142857143,2020-06-01
"PL",2020,23,92,2,2,0,55.2871428571429,2020-06-08
"PL",2020,24,90,2,2,0,53.7,2020-06-15
"PL",2020,25,103,2,2,0,50.93,2020-06-22
"PL",2020,26,85,2,2,0,50.93,2020-06-29
"PL",2020,27,77,2,2,0,50.93,2020-07-06
"PL",2020,28,55,2,2,0,44.5757142857143,2020-07-13
"PL",2020,29,51,2,2,0,39.81,2020-07-20
"PL",2020,30,49,2,2,0,39.81,2020-07-27
"PL",2020,31,56,2,2,0,39.81,2020-08-03
"PT",2020,1,0,0,0,0,0,2020-01-06
"PT",2020,2,0,0,0,0,0,2020-01-13
"PT",2020,3,0,0,0,0,0,2020-01-20
"PT",2020,4,0,0,0,0,1.58714285714286,2020-01-27
"PT",2020,5,0,0,0,0,11.11,2020-02-03
"PT",2020,6,0,0,0,0,11.11,2020-02-10
"PT",2020,7,0,0,0,0,11.11,2020-02-17
"PT",2020,8,0,0,0,0,11.11,2020-02-24
"PT",2020,9,0,0,0,0,11.11,2020-03-02
"PT",2020,10,0,0,0,0,11.11,2020-03-09
"PT",2020,11,0,2,2,0,28.0442857142857,2020-03-16
"PT",2020,12,23,3,3,2,63.36,2020-03-23
"PT",2020,13,117,3,3,2,82.41,2020-03-30
"PT",2020,14,171,3,3,2,82.41,2020-04-06
"PT",2020,15,224,3,3,2,85.5814285714286,2020-04-13
"PT",2020,16,200,3,3,2,83.2028571428571,2020-04-20
"PT",2020,17,193,3,3,2,82.41,2020-04-27
"PT",2020,18,135,3,3,2,84.7885714285714,2020-05-04
"PT",2020,19,81,3,2,1,75,2020-05-11
"PT",2020,20,87,3,2,1,75,2020-05-18
"PT",2020,21,99,2,2,1,71.3,2020-05-25
"PT",2020,22,94,2,2,1,71.3,2020-06-01
"PT",2020,23,61,2,2,1,70.5057142857143,2020-06-08
"PT",2020,24,35,2,2,1,69.91,2020-06-15
"PT",2020,25,14,2,2,1,69.91,2020-06-22
"PT",2020,26,34,2,2,2,71.4985714285714,2020-06-29
"PT",2020,27,52,2,2,2,68.7185714285714,2020-07-06
"PT",2020,28,42,2,2,2,65.74,2020-07-13
"PT",2020,29,29,2,2,2,69.18,2020-07-20
"PT",2020,30,28,2,2,2,71.76,2020-07-27
"PT",2020,31,19,2,2,2,66.2057142857143,2020-08-03
"RO",2020,1,0,0,0,0,0,2020-01-06
"RO",2020,2,0,0,0,0,0,2020-01-13
"RO",2020,3,0,0,0,0,0,2020-01-20
"RO",2020,4,0,0,0,0,0,2020-01-27
"RO",2020,5,0,0,0,0,3.57428571428571,2020-02-03
"RO",2020,6,0,0,0,0,5.56,2020-02-10
"RO",2020,7,0,0,0,0,5.56,2020-02-17
"RO",2020,8,0,0,0,0,5.56,2020-02-24
"RO",2020,9,0,0,0,0,15.0828571428571,2020-03-02
"RO",2020,10,0,0,0,0,18.6542857142857,2020-03-09
"RO",2020,11,0,3,2,1,49.2028571428571,2020-03-16
"RO",2020,12,7,3,2,1,63.0928571428571,2020-03-23
"RO",2020,13,58,3,2,2,77.6428571428571,2020-03-30
"RO",2020,14,111,3,2,2,86.2457142857143,2020-04-06
"RO",2020,15,155,3,2,2,87.04,2020-04-13
"RO",2020,16,147,3,2,2,87.04,2020-04-20
"RO",2020,17,163,3,2,2,87.04,2020-04-27
"RO",2020,18,177,3,2,2,87.04,2020-05-04
"RO",2020,19,164,3,2,2,87.04,2020-05-11
"RO",2020,20,138,3,2,2,77.1142857142857,2020-05-18
"RO",2020,21,85,3,2,1,75,2020-05-25
"RO",2020,22,71,3,2,1,75,2020-06-01
"RO",2020,23,63,3,2,0,57.41,2020-06-08
"RO",2020,24,88,3,2,0,57.41,2020-06-15
"RO",2020,25,96,2,1,0,44.3157142857143,2020-06-22
"RO",2020,26,111,2,1,0,41.67,2020-06-29
"RO",2020,27,134,2,1,0,41.67,2020-07-06
"RO",2020,28,133,2,1,1,44.3128571428571,2020-07-13
"RO",2020,29,137,2,1,1,45.37,2020-07-20
"RO",2020,30,168,2,1,1,45.37,2020-07-27
"RO",2020,31,226,2,1,1,45.37,2020-08-03
"RU",2020,1,0,0,0,0,0,2020-01-06
"RU",2020,2,0,0,0,0,0,2020-01-13
"RU",2020,3,0,0,0,0,0,2020-01-20
"RU",2020,4,0,0,0,0,0,2020-01-27
"RU",2020,5,0,0,0,0,4.76,2020-02-03
"RU",2020,6,0,0,0,0,8.33,2020-02-10
"RU",2020,7,0,0,0,0,8.33,2020-02-17
"RU",2020,8,0,0,0,0,8.33,2020-02-24
"RU",2020,9,0,0,0,0,8.33,2020-03-02
"RU",2020,10,0,0,0,2,16.2671428571429,2020-03-09
"RU",2020,11,0,0,0,2,31.6114285714286,2020-03-16
"RU",2020,12,1,1,2,2,64.75,2020-03-23
"RU",2020,13,8,3,2,2,70.4385714285714,2020-03-30
"RU",2020,14,38,3,3,3,87.04,2020-04-06
"RU",2020,15,101,3,3,3,85.19,2020-04-13
"RU",2020,16,257,3,3,3,85.19,2020-04-20
"RU",2020,17,389,3,3,3,85.19,2020-04-27
"RU",2020,18,562,3,3,3,85.19,2020-05-04
"RU",2020,19,653,3,3,3,85.19,2020-05-11
"RU",2020,20,713,3,2,3,79.2328571428571,2020-05-18
"RU",2020,21,911,3,2,3,78.24,2020-05-25
"RU",2020,22,1216,3,2,3,78.24,2020-06-01
"RU",2020,23,1114,3,2,2,74.54,2020-06-08
"RU",2020,24,1118,3,2,2,74.54,2020-06-15
"RU",2020,25,1115,3,2,2,74.54,2020-06-22
"RU",2020,26,956,2,2,2,72.9542857142857,2020-06-29
"RU",2020,27,1128,2,2,2,72.69,2020-07-06
"RU",2020,28,1142,2,2,2,72.69,2020-07-13
"RU",2020,29,986,2,2,2,68.8514285714286,2020-07-20
"RU",2020,30,926,2,2,2,68.06,2020-07-27
"RU",2020,31,849,2,2,2,68.06,2020-08-03
"SG",2020,1,0,0,0,0,0,2020-01-06
"SG",2020,2,0,0,0,0,0,2020-01-13
"SG",2020,3,0,0,0,0,0,2020-01-20
"SG",2020,4,0,0,0,0,13.0928571428571,2020-01-27
"SG",2020,5,0,0,0,0,19.44,2020-02-03
"SG",2020,6,0,0,0,0,21.8228571428571,2020-02-10
"SG",2020,7,0,0,0,0,25,2020-02-17
"SG",2020,8,0,0,0,0,25,2020-02-24
"SG",2020,9,0,0,0,0,25,2020-03-02
"SG",2020,10,0,0,0,0,25,2020-03-09
"SG",2020,11,0,0,0,0,29.7614285714286,2020-03-16
"SG",2020,12,2,0,0,0,36.11,2020-03-23
"SG",2020,13,1,0,0,0,37.3014285714286,2020-03-30
"SG",2020,14,3,0,0,0,42.8585714285714,2020-04-06
"SG",2020,15,3,3,3,2,73.0171428571429,2020-04-13
"SG",2020,16,2,3,3,2,84.3957142857143,2020-04-20
"SG",2020,17,3,3,3,2,85.19,2020-04-27
"SG",2020,18,4,3,3,2,85.19,2020-05-04
"SG",2020,19,3,3,3,2,85.19,2020-05-11
"SG",2020,20,1,3,2,2,82.01,2020-05-18
"SG",2020,21,1,3,2,2,81.48,2020-05-25
"SG",2020,22,1,3,2,2,81.48,2020-06-01
"SG",2020,23,1,2,2,2,78.3085714285714,2020-06-08
"SG",2020,24,1,2,2,2,77.78,2020-06-15
"SG",2020,25,0,2,2,2,67.46,2020-06-22
"SG",2020,26,0,2,1,1,53.7,2020-06-29
"SG",2020,27,0,2,1,1,53.7,2020-07-06
"SG",2020,28,0,2,1,1,53.7,2020-07-13
"SG",2020,29,1,2,1,1,53.7,2020-07-20
"SG",2020,30,0,2,1,1,52.6428571428571,2020-07-27
"SG",2020,31,0,2,1,1,51.85,2020-08-03
"TR",2020,1,0,0,0,0,0,2020-01-06
"TR",2020,2,0,0,0,0,0,2020-01-13
"TR",2020,3,0,0,0,0,0,2020-01-20
"TR",2020,4,0,0,0,0,1.19142857142857,2020-01-27
"TR",2020,5,0,0,0,0,2.78,2020-02-03
"TR",2020,6,0,0,0,0,11.5057142857143,2020-02-10
"TR",2020,7,0,0,0,0,19.44,2020-02-17
"TR",2020,8,0,0,0,0,19.44,2020-02-24
"TR",2020,9,0,0,0,0,19.44,2020-03-02
"TR",2020,10,0,0,0,0,19.44,2020-03-09
"TR",2020,11,1,0,0,1,23.15,2020-03-16
"TR",2020,12,36,3,2,1,57.8042857142857,2020-03-23
"TR",2020,13,131,3,2,2,69.5771428571429,2020-03-30
"TR",2020,14,481,3,2,2,75.93,2020-04-06
"TR",2020,15,647,3,2,2,76.4585714285714,2020-04-13
"TR",2020,16,844,3,2,2,76.4585714285714,2020-04-20
"TR",2020,17,760,3,2,2,75.93,2020-04-27
"TR",2020,18,561,3,2,2,75.93,2020-05-04
"TR",2020,19,380,3,2,2,75.93,2020-05-11
"TR",2020,20,330,3,2,2,75.93,2020-05-18
"TR",2020,21,198,3,2,2,75.93,2020-05-25
"TR",2020,22,194,3,2,2,75.93,2020-06-01
"TR",2020,23,148,3,1,2,63.89,2020-06-08
"TR",2020,24,114,3,1,2,63.89,2020-06-15
"TR",2020,25,149,3,1,2,63.89,2020-06-22
"TR",2020,26,141,3,1,2,63.89,2020-06-29
"TR",2020,27,126,3,1,2,63.89,2020-07-06
"TR",2020,28,141,3,1,2,63.89,2020-07-13
"TR",2020,29,126,3,1,2,63.89,2020-07-20
"TR",2020,30,122,3,1,2,48.6757142857143,2020-07-27
"TR",2020,31,117,3,1,2,42.59,2020-08-03
"TW",2020,1,0,0,0,0,0,2020-01-06
"TW",2020,2,0,0,0,0,0,2020-01-13
"TW",2020,3,0,0,0,0,0,2020-01-20
"TW",2020,4,0,0,0,0,13.0928571428571,2020-01-27
"TW",2020,5,0,0,0,0,21.0285714285714,2020-02-03
"TW",2020,6,0,3,0,0,30.56,2020-02-10
"TW",2020,7,1,3,0,0,30.56,2020-02-17
"TW",2020,8,0,3,0,0,30.56,2020-02-24
"TW",2020,9,0,0,0,0,21.0285714285714,2020-03-02
"TW",2020,10,0,0,0,0,22.6171428571429,2020-03-09
"TW",2020,11,0,0,0,0,25,2020-03-16
"TW",2020,12,1,0,0,0,26.5885714285714,2020-03-23
"TW",2020,13,3,0,0,0,27.78,2020-03-30
"TW",2020,14,0,0,0,0,27.78,2020-04-06
"TW",2020,15,1,0,0,0,27.78,2020-04-13
"TW",2020,16,0,0,0,0,27.78,2020-04-20
"TW",2020,17,0,0,0,0,27.78,2020-04-27
"TW",2020,18,0,0,0,0,27.78,2020-05-04
"TW",2020,19,1,0,0,0,25.3971428571429,2020-05-11
"TW",2020,20,0,0,0,0,22.22,2020-05-18
"TW",2020,21,0,0,0,0,22.22,2020-05-25
"TW",2020,22,0,0,0,0,22.22,2020-06-01
"TW",2020,23,0,0,0,0,22.22,2020-06-08
"TW",2020,24,0,0,0,0,22.22,2020-06-15
"TW",2020,25,0,0,0,0,22.22,2020-06-22
"TW",2020,26,0,0,0,0,19.44,2020-06-29
"TW",2020,27,0,0,0,0,19.44,2020-07-06
"TW",2020,28,0,0,0,0,19.44,2020-07-13
"TW",2020,29,0,0,0,0,19.44,2020-07-20
"TW",2020,30,0,0,0,0,19.44,2020-07-27
"TW",2020,31,0,0,0,0,19.44,2020-08-03
"UA",2020,1,0,0,0,0,0,2020-01-06
"UA",2020,2,0,0,0,0,0,2020-01-13
"UA",2020,3,0,0,0,0,0,2020-01-20
"UA",2020,4,0,0,0,0,0,2020-01-27
"UA",2020,5,0,0,0,0,0,2020-02-03
"UA",2020,6,0,0,0,0,0,2020-02-10
"UA",2020,7,0,0,0,0,0,2020-02-17
"UA",2020,8,0,0,0,0,0,2020-02-24
"UA",2020,9,0,0,0,0,0,2020-03-02
"UA",2020,10,0,0,0,0,9.52285714285714,2020-03-09
"UA",2020,11,1,3,0,0,33.3328571428571,2020-03-16
"UA",2020,12,2,3,2,1,83.8628571428571,2020-03-23
"UA",2020,13,10,3,2,1,88.89,2020-03-30
"UA",2020,14,25,3,2,1,88.89,2020-04-06
"UA",2020,15,55,3,2,1,88.89,2020-04-13
"UA",2020,16,58,3,2,1,88.89,2020-04-20
"UA",2020,17,69,3,2,1,88.89,2020-04-27
"UA",2020,18,83,3,2,1,88.89,2020-05-04
"UA",2020,19,105,3,2,1,88.89,2020-05-11
"UA",2020,20,127,3,2,1,88.89,2020-05-18
"UA",2020,21,88,3,2,1,86.5071428571429,2020-05-25
"UA",2020,22,101,2,2,1,79.63,2020-06-01
"UA",2020,23,81,2,2,1,72.69,2020-06-08
"UA",2020,24,106,2,2,1,72.69,2020-06-15
"UA",2020,25,111,2,2,1,64.35,2020-06-22
"UA",2020,26,139,2,1,1,37.96,2020-06-29
"UA",2020,27,117,2,1,1,37.96,2020-07-06
"UA",2020,28,137,2,1,1,37.96,2020-07-13
"UA",2020,29,102,2,1,1,37.96,2020-07-20
"UA",2020,30,119,2,1,1,37.96,2020-07-27
"UA",2020,31,126,2,1,1,39.9457142857143,2020-08-03
"US",2020,1,0,0,0,0,0,2020-01-06
"US",2020,2,0,0,0,0,0,2020-01-13
"US",2020,3,0,0,0,0,0,2020-01-20
"US",2020,4,0,0,0,0,0,2020-01-27
"US",2020,5,0,0,0,0,0.794285714285714,2020-02-03
"US",2020,6,0,0,0,0,5.56,2020-02-10
"US",2020,7,0,0,0,0,5.56,2020-02-17
"US",2020,8,0,0,0,0,5.56,2020-02-24
"US",2020,9,6,0,0,0,5.95571428571429,2020-03-02
"US",2020,10,16,3,0,0,16.4014285714286,2020-03-09
"US",2020,11,75,3,0,0,28.5042857142857,2020-03-16
"US",2020,12,665,3,3,2,63.1614285714286,2020-03-23
"US",2020,13,3402,3,3,2,72.69,2020-03-30
"US",2020,14,10035,3,3,2,72.69,2020-04-06
"US",2020,15,15041,3,3,2,72.69,2020-04-13
"US",2020,16,15410,3,3,2,72.69,2020-04-20
"US",2020,17,14098,3,3,2,72.69,2020-04-27
"US",2020,18,13120,3,3,2,72.69,2020-05-04
"US",2020,19,11758,3,3,2,72.69,2020-05-11
"US",2020,20,10001,3,3,2,72.69,2020-05-18
"US",2020,21,7818,3,3,2,72.69,2020-05-25
"US",2020,22,6838,3,3,2,72.69,2020-06-01
"US",2020,23,5628,3,3,2,72.69,2020-06-08
"US",2020,24,5011,3,3,2,72.69,2020-06-15
"US",2020,25,4248,3,2,2,68.98,2020-06-22
"US",2020,26,3928,3,2,2,68.98,2020-06-29
"US",2020,27,3614,3,2,2,68.98,2020-07-06
"US",2020,28,5428,3,2,2,68.98,2020-07-13
"US",2020,29,5596,3,2,2,68.98,2020-07-20
"US",2020,30,7040,3,2,1,67.13,2020-07-27
"US",2020,31,7306,3,2,1,67.13,2020-08-03
"VN",2020,1,0,0,0,0,0,2020-01-06
"VN",2020,2,0,0,0,0,0,2020-01-13
"VN",2020,3,0,0,0,0,0,2020-01-20
"VN",2020,4,0,0,0,0,0.794285714285714,2020-01-27
"VN",2020,5,0,3,0,0,19.71,2020-02-03
"VN",2020,6,0,3,0,0,31.0828571428571,2020-02-10
"VN",2020,7,0,3,0,0,42.3285714285714,2020-02-17
"VN",2020,8,0,3,0,0,47.22,2020-02-24
"VN",2020,9,0,3,0,0,47.22,2020-03-02
"VN",2020,10,0,3,0,0,47.22,2020-03-09
"VN",2020,11,0,3,0,0,47.22,2020-03-16
"VN",2020,12,0,3,0,0,47.6171428571429,2020-03-23
"VN",2020,13,0,3,3,0,64.2857142857143,2020-03-30
"VN",2020,14,0,3,3,2,92.5942857142857,2020-04-06
"VN",2020,15,0,3,3,2,96.3,2020-04-13
"VN",2020,16,0,3,3,2,89.35,2020-04-20
"VN",2020,17,0,3,2,0,79.1,2020-04-27
"VN",2020,18,0,3,2,0,75,2020-05-04
"VN",2020,19,0,0,2,0,65.74,2020-05-11
"VN",2020,20,0,0,2,0,65.74,2020-05-18
"VN",2020,21,0,0,2,0,65.74,2020-05-25
"VN",2020,22,0,0,2,0,65.74,2020-06-01
"VN",2020,23,0,0,2,0,65.74,2020-06-08
"VN",2020,24,0,0,2,0,65.74,2020-06-15
"VN",2020,25,0,0,2,0,56.2171428571429,2020-06-22
"VN",2020,26,0,0,2,0,53.0414285714286,2020-06-29
"VN",2020,27,0,0,2,0,51.85,2020-07-06
"VN",2020,28,0,0,2,0,51.85,2020-07-13
"VN",2020,29,0,0,2,0,51.85,2020-07-20
"VN",2020,30,0,0,2,0,51.85,2020-07-27
"VN",2020,31,7,3,3,2,74.4685714285714,2020-08-03
"ZA",2020,1,0,0,0,0,0,2020-01-06
"ZA",2020,2,0,0,0,0,0,2020-01-13
"ZA",2020,3,0,0,0,0,0,2020-01-20
"ZA",2020,4,0,0,0,0,1.58857142857143,2020-01-27
"ZA",2020,5,0,0,0,0,2.78,2020-02-03
"ZA",2020,6,0,0,0,0,2.78,2020-02-10
"ZA",2020,7,0,0,0,0,2.78,2020-02-17
"ZA",2020,8,0,0,0,0,2.78,2020-02-24
"ZA",2020,9,0,0,0,0,2.78,2020-03-02
"ZA",2020,10,0,0,0,0,9.12857142857143,2020-03-09
"ZA",2020,11,0,0,0,0,14.6828571428571,2020-03-16
"ZA",2020,12,0,3,0,0,50.7971428571429,2020-03-23
"ZA",2020,13,3,3,3,2,74.0742857142857,2020-03-30
"ZA",2020,14,9,3,3,2,87.96,2020-04-06
"ZA",2020,15,15,3,3,2,87.96,2020-04-13
"ZA",2020,16,31,3,3,2,87.96,2020-04-20
"ZA",2020,17,32,3,3,2,87.96,2020-04-27
"ZA",2020,18,48,3,3,2,86.3742857142857,2020-05-04
"ZA",2020,19,68,3,2,2,84.26,2020-05-11
"ZA",2020,20,80,3,2,2,84.26,2020-05-18
"ZA",2020,21,195,3,2,2,84.26,2020-05-25
"ZA",2020,22,224,3,2,2,84.26,2020-06-01
"ZA",2020,23,375,3,2,1,80.56,2020-06-08
"ZA",2020,24,488,2,2,1,76.85,2020-06-15
"ZA",2020,25,423,2,2,1,76.85,2020-06-22
"ZA",2020,26,538,2,2,1,76.85,2020-06-29
"ZA",2020,27,781,2,2,1,76.85,2020-07-06
"ZA",2020,28,862,2,2,1,77.38,2020-07-13
"ZA",2020,29,1001,2,2,2,80.56,2020-07-20
"ZA",2020,30,1894,2,2,2,80.56,2020-07-27
"ZA",2020,31,1472,2,2,2,80.56,2020-08-03
